Date,SP500
4/1/21,4019.87
3/31/21,3972.89
3/1/21,3870.29
2/1/21,3883.43
1/1/21,3793.75
12/31/20,3756.07
12/1/20,3695.31
11/30/20,3621.63
11/1/20,3548.99
10/1/20,3418.7
9/30/20,3363
9/1/20,3365.52
8/31/20,3500.31
8/1/20,3391.71
7/31/20,3271.12
7/1/20,3207.62
6/30/20,3100.29
6/1/20,3104.66
5/1/20,2919.61
4/30/20,2912.43
4/1/20,2761.98
3/31/20,2584.59
3/1/20,2652.39
2/28/20,2954.81
2/1/20,3277.31
1/31/20,3225.04
1/1/20,3278.2
12/31/19,3230.58
12/1/19,3176.75
11/1/19,3104.9
10/1/19,2977.68
9/1/19,2982.16
8/1/19,2897.5
7/1/19,2996.11
6/1/19,2890.17
5/31/19,2752.08
5/1/19,2854.71
4/1/19,2903.8
3/1/19,2803.98
2/1/19,2754.86
1/1/19,2607.39
12/1/18,2567.31
11/1/18,2723.23
10/1/18,2785.46
9/1/18,2901.5
8/1/18,2857.82
7/1/18,2793.64
6/1/18,2754.35
5/1/18,2701.49
4/1/18,2653.63
3/1/18,2702.77
2/1/18,2705.16
1/1/18,2789.8
12/1/17,2664.34
11/1/17,2593.61
10/1/17,2557
9/1/17,2492.84
8/1/17,2456.22
7/1/17,2454.1
6/1/17,2433.99
5/1/17,2395.35
4/1/17,2359.31
3/1/17,2366.82
2/1/17,2329.91
1/1/17,2275.12
12/1/16,2246.63
11/1/16,2164.99
10/1/16,2143.02
9/1/16,2157.69
8/1/16,2170.95
7/1/16,2148.9
6/1/16,2083.89
5/1/16,2065.55
4/1/16,2075.54
3/1/16,2021.95
2/1/16,1904.42
1/1/16,1918.6
12/1/15,2054.08
11/1/15,2080.62
10/1/15,2024.81
9/1/15,1944.41
8/1/15,2039.87
7/1/15,2094.14
6/1/15,2099.29
5/1/15,2111.94
4/1/15,2094.86
3/1/15,2079.99
2/1/15,2082.2
1/1/15,2028.18
12/1/14,2054.27
11/1/14,2044.57
10/1/14,1937.27
9/1/14,1993.23
8/1/14,1961.53
7/1/14,1973.1
6/1/14,1947.09
5/1/14,1889.77
4/1/14,1864.26
3/1/14,1863.52
2/1/14,1817.04
1/1/14,1822.36
12/1/13,1807.78
11/1/13,1783.54
10/1/13,1720.03
9/1/13,1687.17
8/1/13,1670.09
7/1/13,1668.68
6/1/13,1618.77
5/1/13,1639.84
4/1/13,1570.7
3/1/13,1550.83
2/1/13,1512.31
1/1/13,1480.4
12/1/12,1422.29
11/1/12,1394.51
10/1/12,1437.82
9/1/12,1443.42
8/1/12,1403.45
7/1/12,1359.78
6/1/12,1323.48
5/1/12,1341.27
4/1/12,1386.43
3/1/12,1389.24
2/1/12,1352.49
1/1/12,1300.58
12/1/11,1243.32
11/1/11,1226.42
10/1/11,1207.22
9/1/11,1173.88
8/1/11,1185.31
7/1/11,1325.19
6/1/11,1287.29
5/1/11,1338.31
4/1/11,1331.51
3/1/11,1304.49
2/1/11,1321.12
1/1/11,1282.62
12/1/10,1241.53
11/1/10,1198.89
10/1/10,1171.58
9/1/10,1122.08
8/1/10,1087.28
7/1/10,1079.8
6/1/10,1083.36
5/1/10,1125.06
4/1/10,1197.32
3/1/10,1152.05
2/1/10,1089.16
1/1/10,1123.58
12/1/09,1110.38
11/1/09,1088.07
10/1/09,1067.66
9/1/09,1044.55
8/1/09,1009.73
7/1/09,935.82
6/1/09,926.12
5/1/09,902.41
4/1/09,848.15
3/1/09,757.13
2/1/09,805.23
1/1/09,865.58
12/1/08,877.56
11/1/08,883.04
10/1/08,968.8
9/1/08,1216.95
8/1/08,1281.47
7/1/08,1257.33
6/1/08,1341.25
5/1/08,1403.22
4/1/08,1370.47
3/1/08,1316.94
2/1/08,1354.87
1/1/08,1378.76
12/1/07,1479.22
11/1/07,1463.39
10/1/07,1539.66
9/1/07,1497.12
8/1/07,1454.62
7/1/07,1520.71
6/1/07,1514.19
5/1/07,1511.14
4/1/07,1463.64
3/1/07,1406.95
2/1/07,1444.8
1/1/07,1424.16
12/1/06,1416.42
11/1/06,1388.64
10/1/06,1363.38
9/1/06,1317.74
8/1/06,1287.15
7/1/06,1260.24
6/1/06,1253.17
5/1/06,1290.01
4/1/06,1302.17
3/1/06,1293.74
2/1/06,1276.65
1/1/06,1278.73
12/1/05,1262.07
11/1/05,1237.37
10/1/05,1191.96
9/1/05,1225.92
8/1/05,1224.27
7/1/05,1222.24
6/1/05,1202.25
5/1/05,1178.28
4/1/05,1164.43
3/1/05,1194.9
2/1/05,1199.63
1/1/05,1181.41
12/1/04,1199.21
11/1/04,1168.94
10/1/04,1117.21
9/1/04,1117.66
8/1/04,1088.94
7/1/04,1105.85
6/1/04,1132.76
5/1/04,1102.78
4/1/04,1133.36
3/1/04,1123.98
2/1/04,1143.36
1/1/04,1132.52
12/1/03,1080.64
11/1/03,1049.9
10/1/03,1038.73
9/1/03,1019.44
8/1/03,989.53
7/1/03,992.54
6/1/03,988
5/1/03,935.96
4/1/03,890.03
3/1/03,846.63
2/1/03,837.03
1/1/03,895.84
12/1/02,899.18
11/1/02,909.93
10/1/02,854.63
9/1/02,867.81
8/1/02,912.55
7/1/02,903.59
6/1/02,1014.02
5/1/02,1079.25
4/1/02,1111.93
3/1/02,1153.79
2/1/02,1100.67
1/1/02,1140.21
12/1/01,1144.93
11/1/01,1129.68
10/1/01,1076.59
9/1/01,1044.64
8/1/01,1178.5
7/1/01,1204.45
6/1/01,1238.71
5/1/01,1270.37
4/1/01,1189.84
3/1/01,1185.85
2/1/01,1305.75
1/1/01,1335.63
12/1/00,1330.93
11/1/00,1378.04
10/1/00,1390.14
9/1/00,1468.05
8/1/00,1485.46
7/1/00,1473
6/1/00,1461.96
5/1/00,1418.48
4/1/00,1461.36
3/1/00,1442.21
2/1/00,1388.87
1/1/00,1425.59
12/1/99,1428.68
11/1/99,1391
10/1/99,1300.01
9/1/99,1318.17
8/1/99,1327.49
7/1/99,1380.99
6/1/99,1322.55
5/1/99,1332.07
4/1/99,1334.76
3/1/99,1281.66
2/1/99,1246.58
1/1/99,1248.77
12/1/98,1190.05
11/1/98,1144.43
10/1/98,1032.47
9/1/98,1020.64
8/1/98,1074.62
7/1/98,1156.58
6/1/98,1108.39
5/1/98,1108.42
4/1/98,1112.2
3/1/98,1076.83
2/1/98,1023.74
1/1/98,963.36
12/1/97,962.37
11/1/97,938.92
10/1/97,951.16
9/1/97,937.02
8/1/97,927.24
7/1/97,925.29
6/1/97,876.29
5/1/97,833.09
4/1/97,763.93
3/1/97,792.16
2/1/97,798.39
1/1/97,766.22
12/1/96,743.25
11/1/96,735.67
10/1/96,701.46
9/1/96,674.88
8/1/96,662.68
7/1/96,644.07
6/1/96,668.5
5/1/96,661.23
4/1/96,647.17
3/1/96,647.07
2/1/96,649.54
1/1/96,614.42
12/1/95,614.57
11/1/95,595.53
10/1/95,582.92
9/1/95,578.77
8/1/95,559.11
7/1/95,557.37
6/1/95,539.35
5/1/95,523.81
4/1/95,507.91
3/1/95,493.15
2/1/95,481.92
1/1/95,465.25
12/1/94,455.19
11/1/94,461.01
10/1/94,463.81
9/1/94,466.96
8/1/94,464.24
7/1/94,451.4
6/1/94,454.83
5/1/94,450.9
4/1/94,447.23
3/1/94,463.81
2/1/94,471.58
1/1/94,472.99
12/1/93,465.95
11/1/93,462.89
10/1/93,463.9
9/1/93,459.24
8/1/93,454.13
7/1/93,447.29
6/1/93,448.06
5/1/93,445.25
4/1/93,443.08
3/1/93,450.16
2/1/93,441.7
1/1/93,435.23
12/1/92,435.64
11/1/92,422.84
10/1/92,412.5
9/1/92,418.48
8/1/92,417.93
7/1/92,415.05
6/1/92,408.27
5/1/92,414.81
4/1/92,407.41
3/1/92,407.36
2/1/92,412.56
1/1/92,416.08
12/1/91,388.51
11/1/91,385.92
10/1/91,386.88
9/1/91,387.2
8/1/91,389.4
7/1/91,380.23
6/1/91,378.29
5/1/91,377.99
4/1/91,379.68
3/1/91,372.28
2/1/91,362.26
1/1/91,325.49
12/1/90,328.75
11/1/90,315.29
10/1/90,307.12
9/1/90,315.41
8/1/90,330.75
7/1/90,360.03
6/1/90,360.39
5/1/90,350.25
4/1/90,338.18
3/1/90,338.46
2/1/90,330.45
1/1/90,339.97
12/1/89,348.6
11/1/89,340.2
10/1/89,347.4
9/1/89,347.3
8/1/89,346.6
7/1/89,331.9
6/1/89,323.7
5/1/89,313.9
4/1/89,302.3
3/1/89,292.7
2/1/89,294
1/1/89,285.4
12/1/88,276.5
11/1/88,271
10/1/88,277.4
9/1/88,268
8/1/88,263.7
7/1/88,269.1
6/1/88,270.7
5/1/88,256.1
4/1/88,262.6
3/1/88,265.7
2/1/88,258.1
1/1/88,250.5
12/1/87,241
11/1/87,245
10/1/87,280.2
9/1/87,318.7
8/1/87,329.4
7/1/87,310.1
6/1/87,301.4
5/1/87,289.1
4/1/87,289.3
3/1/87,292.5
2/1/87,280.9
1/1/87,264.5
12/1/86,248.6
11/1/86,245.1
10/1/86,237.4
9/1/86,238.3
8/1/86,245
7/1/86,240.2
6/1/86,245.3
5/1/86,238.5
4/1/86,238
3/1/86,232.3
2/1/86,219.4
1/1/86,208.2
12/1/85,207.3
11/1/85,197.5
10/1/85,186.2
9/1/85,184.1
8/1/85,188.3
7/1/85,192.5
6/1/85,188.9
5/1/85,184.9
4/1/85,180.6
3/1/85,179.4
2/1/85,180.9
1/1/85,171.6
12/1/84,164.5
11/1/84,166.3
10/1/84,164.8
9/1/84,166.1
8/1/84,164.4
7/1/84,151.1
6/1/84,153.1
5/1/84,156.6
4/1/84,157.6
3/1/84,157.4
2/1/84,157.3
1/1/84,166.4
12/1/83,164.4
11/1/83,165.2
10/1/83,167.7
9/1/83,167.2
8/1/83,162.4
7/1/83,167
6/1/83,166.4
5/1/83,164.1
4/1/83,157.7
3/1/83,151.9
2/1/83,146.8
1/1/83,144.3
12/1/82,139.4
11/1/82,138.1
10/1/82,132.7
9/1/82,122.4
8/1/82,109.7
7/1/82,109.4
6/1/82,109.7
5/1/82,116.4
4/1/82,116.3
3/1/82,110.8
2/1/82,114.5
1/1/82,117.3
12/1/81,123.8
11/1/81,122.9
10/1/81,119.8
9/1/81,118.3
8/1/81,129.6
7/1/81,129.1
6/1/81,132.3
5/1/81,131.7
4/1/81,134.4
3/1/81,133.2
2/1/81,128.4
1/1/81,133
12/1/80,133.5
11/1/80,135.7
10/1/80,130.2
9/1/80,126.5
8/1/80,123.5
7/1/80,119.8
6/1/80,114.6
5/1/80,107.7
4/1/80,103
3/1/80,104.7
2/1/80,115.3
1/1/80,110.9
12/1/79,107.8
11/1/79,103.7
10/1/79,104.5
9/1/79,108.6
8/1/79,107.4
7/1/79,102.7
6/1/79,101.7
5/1/79,99.73
4/1/79,102.1
3/1/79,100.1
2/1/79,98.23
1/1/79,99.71
12/1/78,96.11
11/1/78,94.71
10/1/78,100.6
9/1/78,103.9
8/1/78,103.9
7/1/78,97.19
6/1/78,97.66
5/1/78,97.41
4/1/78,92.71
3/1/78,88.82
2/1/78,88.98
1/1/78,90.25
12/1/77,93.82
11/1/77,94.28
10/1/77,93.74
9/1/77,96.23
8/1/77,97.75
7/1/77,100.2
6/1/77,99.29
5/1/77,98.76
4/1/77,99.05
3/1/77,100.6
2/1/77,101
1/1/77,103.8
12/1/76,104.7
11/1/76,101.2
10/1/76,101.9
9/1/76,105.5
8/1/76,103.3
7/1/76,104.2
6/1/76,101.8
5/1/76,101.2
4/1/76,101.9
3/1/76,101.1
2/1/76,100.6
1/1/76,96.86
12/1/75,88.7
11/1/75,90.07
10/1/75,88.57
9/1/75,84.67
8/1/75,85.71
7/1/75,92.49
6/1/75,92.4
5/1/75,90.1
4/1/75,84.72
3/1/75,83.78
2/1/75,80.1
1/1/75,72.56
12/1/74,67.07
11/1/74,71.74
10/1/74,69.44
9/1/74,68.12
8/1/74,76.03
7/1/74,79.31
6/1/74,89.79
5/1/74,89.67
4/1/74,92.46
3/1/74,97.44
2/1/74,93.45
1/1/74,96.11
12/1/73,94.78
11/1/73,102
10/1/73,109.8
9/1/73,105.6
8/1/73,103.8
7/1/73,105.8
6/1/73,104.8
5/1/73,107.2
4/1/73,110.3
3/1/73,112.4
2/1/73,114.2
1/1/73,118.4
12/1/72,117.5
11/1/72,115.1
10/1/72,109.6
9/1/72,109.4
8/1/72,111
7/1/72,107.2
6/1/72,108
5/1/72,107.7
4/1/72,108.8
3/1/72,107.7
2/1/72,105.2
1/1/72,103.3
12/1/71,99.17
11/1/71,92.78
10/1/71,97.29
9/1/71,99.4
8/1/71,97.24
7/1/71,99
6/1/71,99.72
5/1/71,101.6
4/1/71,103
3/1/71,99.6
2/1/71,97.11
1/1/71,93.49
12/1/70,90.05
11/1/70,84.28
10/1/70,84.37
9/1/70,82.58
8/1/70,77.92
7/1/70,75.72
6/1/70,75.59
5/1/70,76.06
4/1/70,85.95
3/1/70,88.65
2/1/70,87.16
1/1/70,90.31
12/1/69,91.11
11/1/69,96.21
10/1/69,95.52
9/1/69,94.51
8/1/69,94.18
7/1/69,94.71
6/1/69,99.14
5/1/69,104.6
4/1/69,101.3
3/1/69,99.3
2/1/69,101.5
1/1/69,102
12/1/68,106.5
11/1/68,105.4
10/1/68,103.8
9/1/68,101.3
8/1/68,98.11
7/1/68,100.3
6/1/68,100.5
5/1/68,97.87
4/1/68,95.67
3/1/68,89.09
2/1/68,90.75
1/1/68,95.04
12/1/67,95.3
11/1/67,92.66
10/1/67,95.66
9/1/67,95.81
8/1/67,94.49
7/1/67,93.01
6/1/67,91.43
5/1/67,92.59
4/1/67,90.96
3/1/67,89.42
2/1/67,87.36
1/1/67,84.45
12/1/66,81.33
11/1/66,80.99
10/1/66,77.13
9/1/66,77.81
8/1/66,80.65
7/1/66,85.84
6/1/66,86.06
5/1/66,86.78
4/1/66,91.6
3/1/66,88.88
2/1/66,92.69
1/1/66,93.32
12/1/65,91.73
11/1/65,92.15
10/1/65,91.39
9/1/65,89.38
8/1/65,86.49
7/1/65,84.91
6/1/65,85.04
5/1/65,89.28
4/1/65,87.97
3/1/65,86.83
2/1/65,86.75
1/1/65,86.12
12/1/64,83.96
11/1/64,85.44
10/1/64,84.85
9/1/64,83.41
8/1/64,82
7/1/64,83.22
6/1/64,80.24
5/1/64,80.72
4/1/64,79.94
3/1/64,78.8
2/1/64,77.39
1/1/64,76.45
12/1/63,74.17
11/1/63,72.62
10/1/63,73.03
9/1/63,72.85
8/1/63,70.98
7/1/63,69.07
6/1/63,70.11
5/1/63,70.14
4/1/63,68.76
3/1/63,65.67
2/1/63,65.92
1/1/63,65.06
12/1/62,62.64
11/1/62,60.04
10/1/62,56.17
9/1/62,58
8/1/62,58.52
7/1/62,56.97
6/1/62,55.63
5/1/62,62.99
4/1/62,68.05
3/1/62,70.29
2/1/62,70.22
1/1/62,69.07
12/1/61,71.74
11/1/61,71.08
10/1/61,68
9/1/61,67.26
8/1/61,67.79
7/1/61,65.44
6/1/61,65.62
5/1/61,66.5
4/1/61,65.83
3/1/61,64.12
2/1/61,62.17
1/1/61,59.72
12/1/60,56.8
11/1/60,55.47
10/1/60,53.73
9/1/60,54.81
8/1/60,56.51
7/1/60,55.84
6/1/60,57.26
5/1/60,55.22
4/1/60,55.73
3/1/60,55.02
2/1/60,55.78
1/1/60,58.03
12/1/59,59.06
11/1/59,57.23
10/1/59,57
9/1/59,57.05
8/1/59,59.4
7/1/59,59.74
6/1/59,57.46
5/1/59,57.96
4/1/59,57.1
3/1/59,56.16
2/1/59,54.77
1/1/59,55.62
12/1/58,53.49
11/1/58,52.5
10/1/58,50.95
9/1/58,48.96
8/1/58,47.7
7/1/58,45.98
6/1/58,44.75
5/1/58,43.7
4/1/58,42.34
3/1/58,42.11
2/1/58,41.26
1/1/58,41.12
12/1/57,40.33
11/1/57,40.35
10/1/57,41.24
9/1/57,43.98
8/1/57,45.84
7/1/57,48.51
6/1/57,47.55
5/1/57,46.78
4/1/57,45.05
3/1/57,44.03
2/1/57,43.47
1/1/57,45.43
12/1/56,46.44
11/1/56,45.76
10/1/56,46.24
9/1/56,46.84
8/1/56,48.49
7/1/56,48.78
6/1/56,46.27
5/1/56,46.54
4/1/56,48.05
3/1/56,47.49
2/1/56,44.43
1/1/56,44.15
12/1/55,45.37
11/1/55,44.95
10/1/55,42.11
9/1/55,44.34
8/1/55,42.43
7/1/55,42.69
6/1/55,39.78
5/1/55,37.6
4/1/55,37.76
3/1/55,36.5
2/1/55,36.79
1/1/55,35.6
12/1/54,34.97
11/1/54,33.44
10/1/54,32.18
9/1/54,31.45
8/1/54,30.73
7/1/54,30.13
6/1/54,28.96
5/1/54,28.73
4/1/54,27.63
3/1/54,26.57
2/1/54,26.02
1/1/54,25.46
12/1/53,24.83
11/1/53,24.5
10/1/53,23.97
9/1/53,23.27
8/1/53,24.39
7/1/53,24.29
6/1/53,23.95
5/1/53,24.84
4/1/53,24.71
3/1/53,25.99
2/1/53,25.86
1/1/53,26.18
12/1/52,26.04
11/1/52,25.03
10/1/52,24.26
9/1/52,24.78
8/1/52,25.18
7/1/52,25.08
6/1/52,24.38
5/1/52,23.73
4/1/52,23.74
3/1/52,23.81
2/1/52,23.75
1/1/52,24.19
12/1/51,23.41
11/1/51,22.71
10/1/51,23.36
9/1/51,23.48
8/1/51,22.89
7/1/51,21.93
6/1/51,21.55
5/1/51,21.93
4/1/51,21.92
3/1/51,21.63
2/1/51,22
1/1/51,21.21
12/1/50,19.75
11/1/50,19.83
10/1/50,19.87
9/1/50,19.08
8/1/50,18.43
7/1/50,17.38
6/1/50,18.74
5/1/50,18.44
4/1/50,17.84
3/1/50,17.35
2/1/50,17.21
1/1/50,16.88
12/1/49,16.54
11/1/49,16.11
10/1/49,15.89
9/1/49,15.49
8/1/49,15.29
7/1/49,14.76
6/1/49,13.97
5/1/49,14.78
4/1/49,14.89
3/1/49,14.91
2/1/49,14.77
1/1/49,15.36
12/1/48,15.19
11/1/48,15.29
10/1/48,16.19
9/1/48,15.76
8/1/48,15.94
7/1/48,16.42
6/1/48,16.82
5/1/48,16.15
4/1/48,15.4
3/1/48,14.3
2/1/48,14.1
1/1/48,14.83
12/1/47,15.03
11/1/47,15.27
10/1/47,15.45
9/1/47,15.06
8/1/47,15.46
7/1/47,15.77
6/1/47,14.84
5/1/47,14.34
4/1/47,14.6
3/1/47,15.16
2/1/47,15.8
1/1/47,15.21
12/1/46,15.13
11/1/46,14.69
10/1/46,14.75
9/1/46,15.09
8/1/46,17.7
7/1/46,18.05
6/1/46,18.58
5/1/46,18.7
4/1/46,18.66
3/1/46,17.53
2/1/46,18.07
1/1/46,18.02
12/1/45,17.33
11/1/45,17.04
10/1/45,16.5
9/1/45,15.84
8/1/45,14.83
7/1/45,14.78
6/1/45,15.09
5/1/45,14.82
4/1/45,14.28
3/1/45,13.93
2/1/45,13.94
1/1/45,13.49
12/1/44,13.1
11/1/44,12.82
10/1/44,12.91
9/1/44,12.6
8/1/44,12.81
7/1/44,13
6/1/44,12.67
5/1/44,12.1
4/1/44,11.89
3/1/44,12.1
2/1/44,11.77
1/1/44,11.85
12/1/43,11.48
11/1/43,11.33
10/1/43,11.88
9/1/43,11.99
8/1/43,11.74
7/1/43,12.35
6/1/43,12.1
5/1/43,11.89
4/1/43,11.44
3/1/43,11.07
2/1/43,10.69
1/1/43,10.09
12/1/42,9.52
11/1/42,9.47
10/1/42,9.32
9/1/42,8.68
8/1/42,8.59
7/1/42,8.64
6/1/42,8.33
5/1/42,7.93
4/1/42,7.84
3/1/42,8.18
2/1/42,8.65
1/1/42,8.93
12/1/41,8.76
11/1/41,9.37
10/1/41,9.83
9/1/41,10.24
8/1/41,10.21
7/1/41,10.26
6/1/41,9.76
5/1/41,9.43
4/1/41,9.64
3/1/41,9.95
2/1/41,9.89
1/1/41,10.55
12/1/40,10.53
11/1/40,10.98
10/1/40,10.73
9/1/40,10.63
8/1/40,10.2
7/1/40,9.99
6/1/40,9.67
5/1/40,10.58
4/1/40,12.27
3/1/40,12.15
2/1/40,12.22
1/1/40,12.3
12/1/39,12.37
11/1/39,12.67
10/1/39,12.9
9/1/39,12.77
8/1/39,11.54
7/1/39,11.71
6/1/39,11.43
5/1/39,11.23
4/1/39,10.83
3/1/39,12.39
2/1/39,12.4
1/1/39,12.5
12/1/38,12.69
11/1/38,13.07
10/1/38,13.06
9/1/38,11.75
8/1/38,12.31
7/1/38,12.24
6/1/38,10.21
5/1/38,9.98
4/1/38,9.89
3/1/38,10.31
2/1/38,11.04
1/1/38,11.31
12/1/37,11.02
11/1/37,11.2
10/1/37,12.28
9/1/37,14.37
8/1/37,16.74
7/1/37,16.57
6/1/37,15.64
5/1/37,16.25
4/1/37,17.01
3/1/37,18.09
2/1/37,18.11
1/1/37,17.59
12/1/36,17.06
11/1/36,17.36
10/1/36,16.89
9/1/36,16.05
8/1/36,15.87
7/1/36,15.56
6/1/36,14.69
5/1/36,14.09
4/1/36,14.88
3/1/36,14.86
2/1/36,14.55
1/1/36,13.76
12/1/35,13.04
11/1/35,13.04
10/1/35,11.92
9/1/35,11.61
8/1/35,11.37
7/1/35,10.65
6/1/35,10.12
5/1/35,9.75
4/1/35,9.04
3/1/35,8.41
2/1/35,8.98
1/1/35,9.26
12/1/34,9.26
11/1/34,9.2
10/1/34,8.95
9/1/34,8.88
8/1/34,9.1
7/1/34,9.47
6/1/34,9.94
5/1/34,9.81
4/1/34,10.92
3/1/34,10.74
2/1/34,11.32
1/1/34,10.54
12/1/33,9.97
11/1/33,9.78
10/1/33,9.55
9/1/33,10.58
8/1/33,10.67
7/1/33,11.23
6/1/33,10.39
5/1/33,8.87
4/1/33,6.89
3/1/33,6.23
2/1/33,6.25
1/1/33,7.09
12/1/32,6.82
11/1/32,7.05
10/1/32,7.12
9/1/32,8.26
8/1/32,7.53
7/1/32,5.01
6/1/32,4.77
5/1/32,5.51
4/1/32,6.28
3/1/32,8.26
2/1/32,8.23
1/1/32,8.3
12/1/31,8.44
11/1/31,10.39
10/1/31,10.25
9/1/31,11.83
8/1/31,13.9
7/1/31,14.33
6/1/31,13.87
5/1/31,14.33
4/1/31,15.86
3/1/31,17.53
2/1/31,17.2
1/1/31,15.98
12/1/30,15.51
11/1/30,16.62
10/1/30,17.92
9/1/30,20.78
8/1/30,20.79
7/1/30,21.06
6/1/30,21.52
5/1/30,23.94
4/1/30,25.46
3/1/30,23.94
2/1/30,23.07
1/1/30,21.71
12/1/29,21.4
11/1/29,20.58
10/1/29,27.99
9/1/29,31.3
8/1/29,30.1
7/1/29,28.48
6/1/29,26.15
5/1/29,25.66
4/1/29,25.28
3/1/29,25.43
2/1/29,24.99
1/1/29,24.86
12/1/28,23.15
11/1/28,23.06
10/1/28,21.6
9/1/28,21.17
8/1/28,19.78
7/1/28,19.16
6/1/28,19.02
5/1/28,20
4/1/28,19.4
3/1/28,18.25
2/1/28,17.32
1/1/28,17.53
12/1/27,17.46
11/1/27,17.06
10/1/27,16.68
9/1/27,16.94
8/1/27,16.03
7/1/27,15.22
6/1/27,14.89
5/1/27,14.7
4/1/27,14.21
3/1/27,13.87
2/1/27,13.66
1/1/27,13.4
12/1/26,13.49
11/1/26,13.19
10/1/26,13.02
9/1/26,13.32
8/1/26,13.12
7/1/26,12.62
6/1/26,12.11
5/1/26,11.56
4/1/26,11.48
3/1/26,11.81
2/1/26,12.67
1/1/26,12.65
12/1/25,12.46
11/1/25,12.26
10/1/25,11.89
9/1/25,11.51
8/1/25,11.25
7/1/25,11.1
6/1/25,10.8
5/1/25,10.61
4/1/25,10.28
3/1/25,10.39
2/1/25,10.67
1/1/25,10.58
12/1/24,10.16
11/1/24,9.64
10/1/24,9.13
9/1/24,9.25
8/1/24,9.34
7/1/24,9.03
6/1/24,8.63
5/1/24,8.47
4/1/24,8.5
3/1/24,8.7
2/1/24,8.87
1/1/24,8.83
12/1/23,8.55
11/1/23,8.27
10/1/23,8.03
9/1/23,8.15
8/1/23,8.1
7/1/23,8.06
6/1/23,8.34
5/1/23,8.67
4/1/23,9.1
3/1/23,9.43
2/1/23,9.28
1/1/23,8.9
12/1/22,8.78
11/1/22,8.8
10/1/22,9.26
9/1/22,9.06
8/1/22,8.83
7/1/22,8.51
6/1/22,8.45
5/1/22,8.53
4/1/22,8.21
3/1/22,7.74
2/1/22,7.46
1/1/22,7.3
12/1/21,7.31
11/1/21,7.06
10/1/21,6.7
9/1/21,6.61
8/1/21,6.45
7/1/21,6.53
6/1/21,6.55
5/1/21,7.12
4/1/21,6.91
3/1/21,6.88
2/1/21,7.06
1/1/21,7.11
12/1/20,6.81
11/1/20,7.48
10/1/20,7.88
9/1/20,7.87
8/1/20,7.6
7/1/20,7.91
6/1/20,7.92
5/1/20,8.06
4/1/20,8.6
3/1/20,8.67
2/1/20,8.1
1/1/20,8.83
12/1/19,8.92
11/1/19,9.19
10/1/19,9.47
9/1/19,9.01
8/1/19,8.87
7/1/19,9.51
6/1/19,9.21
5/1/19,8.97
4/1/19,8.39
3/1/19,8.12
2/1/19,7.88
1/1/19,7.85
12/1/18,7.9
11/1/18,8.06
10/1/18,7.86
9/1/18,7.54
8/1/18,7.58
7/1/18,7.51
6/1/18,7.45
5/1/18,7.44
4/1/18,7.21
3/1/18,7.28
2/1/18,7.43
1/1/18,7.21
12/1/17,6.8
11/1/17,7.04
10/1/17,7.68
9/1/17,8.12
8/1/17,8.53
7/1/17,8.79
6/1/17,9.04
5/1/17,8.86
4/1/17,9.17
3/1/17,9.31
2/1/17,9.03
1/1/17,9.57
12/1/16,9.8
11/1/16,10.21
10/1/16,9.98
9/1/16,9.68
8/1/16,9.3
7/1/16,9.23
6/1/16,9.36
5/1/16,9.27
4/1/16,9.07
3/1/16,9.17
2/1/16,9.2
1/1/16,9.33
12/1/15,9.48
11/1/15,9.46
10/1/15,9.14
9/1/15,8.66
8/1/15,8.35
7/1/15,8.01
6/1/15,8.04
5/1/15,7.95
4/1/15,8.14
3/1/15,7.57
2/1/15,7.38
1/1/15,7.48
12/1/14,7.35
11/1/14,7.68
10/1/14,7.68
9/1/14,7.68
8/1/14,7.68
7/1/14,7.68
6/1/14,8.13
5/1/14,8.17
4/1/14,8.12
3/1/14,8.32
2/1/14,8.48
1/1/14,8.37
12/1/13,8.04
11/1/13,8.05
10/1/13,8.26
9/1/13,8.53
8/1/13,8.45
7/1/13,8.23
6/1/13,8.12
5/1/13,8.55
4/1/13,8.79
3/1/13,8.8
2/1/13,8.97
1/1/13,9.3
12/1/12,9.38
11/1/12,9.73
10/1/12,9.84
9/1/12,9.86
8/1/12,9.81
7/1/12,9.59
6/1/12,9.58
5/1/12,9.58
4/1/12,9.59
3/1/12,9.3
2/1/12,9.04
1/1/12,9.12
12/1/11,9.11
11/1/11,9.07
10/1/11,8.72
9/1/11,8.67
8/1/11,9.17
7/1/11,9.63
6/1/11,9.67
5/1/11,9.48
4/1/11,9.28
3/1/11,9.32
2/1/11,9.43
1/1/11,9.27
12/1/10,9.05
11/1/10,9.31
10/1/10,9.32
9/1/10,8.91
8/1/10,8.85
7/1/10,8.64
6/1/10,9.1
5/1/10,9.56
4/1/10,9.72
3/1/10,9.96
2/1/10,9.72
1/1/10,10.08
12/1/09,10.3
11/1/09,10.18
10/1/09,10.23
9/1/09,10.19
8/1/09,10.18
7/1/09,9.94
6/1/09,9.8
5/1/09,9.63
4/1/09,9.32
3/1/09,8.92
2/1/09,8.8
1/1/09,9.06
12/1/08,9.03
11/1/08,8.83
10/1/08,8.27
9/1/08,8.17
8/1/08,8.26
7/1/08,7.92
6/1/08,7.64
5/1/08,7.63
4/1/08,7.24
3/1/08,6.87
2/1/08,6.6
1/1/08,6.85
12/1/07,6.57
11/1/07,6.25
10/1/07,6.64
9/1/07,7.45
8/1/07,7.53
7/1/07,8.14
6/1/07,7.84
5/1/07,8.1
4/1/07,8.39
3/1/07,8.35
2/1/07,9.26
1/1/07,9.56
12/1/06,9.84
11/1/06,9.93
10/1/06,9.73
9/1/06,10.03
8/1/06,9.73
7/1/06,9.06
6/1/06,9.3
5/1/06,9.18
4/1/06,9.43
3/1/06,9.56
2/1/06,9.8
1/1/06,9.87
12/1/05,9.54
11/1/05,9.31
10/1/05,9.36
9/1/05,9.23
8/1/05,9.2
7/1/05,8.87
6/1/05,8.6
5/1/05,8.5
4/1/05,8.94
3/1/05,9.05
2/1/05,8.8
1/1/05,8.43
12/1/04,8.25
11/1/04,8.17
10/1/04,7.75
9/1/04,7.32
8/1/04,7.01
7/1/04,6.78
6/1/04,6.51
5/1/04,6.5
4/1/04,6.64
3/1/04,6.48
2/1/04,6.5
1/1/04,6.68
12/1/03,6.57
11/1/03,6.28
10/1/03,6.26
9/1/03,6.47
8/1/03,6.63
7/1/03,6.85
6/1/03,7.18
5/1/03,7.6
4/1/03,7.75
3/1/03,8.08
2/1/03,8.41
1/1/03,8.46
12/1/02,8.05
11/1/02,8.24
10/1/02,8.57
9/1/02,8.85
8/1/02,8.83
7/1/02,8.6
6/1/02,8.41
5/1/02,8.46
4/1/02,8.48
3/1/02,8.2
2/1/02,8.19
1/1/02,8.12
12/1/01,7.95
11/1/01,8.08
10/1/01,7.91
9/1/01,8
8/1/01,8.04
7/1/01,7.93
6/1/01,8.5
5/1/01,7.73
4/1/01,8.14
3/1/01,7.51
2/1/01,7.25
1/1/01,7.07
12/1/00,6.87
11/1/00,6.48
10/1/00,6.01
9/1/00,5.8
8/1/00,5.94
7/1/00,5.86
6/1/00,5.86
5/1/00,6.04
4/1/00,6.34
3/1/00,6.26
2/1/00,6.21
1/1/00,6.1
1899-12-01,6.02
1899-11-01,6.46
1899-10-01,6.34
1899-09-01,6.37
1899-08-01,6.44
1899-07-01,6.28
1899-06-01,6.07
1899-05-01,6.21
1899-04-01,6.48
1899-03-01,6.4
1899-02-01,6.31
1899-01-01,6.08
1898-12-01,5.65
1898-11-01,5.32
1898-10-01,5.15
1898-09-01,5.26
1898-08-01,5.27
1898-07-01,5.08
1898-06-01,5.06
1898-05-01,4.87
1898-04-01,4.57
1898-03-01,4.65
1898-02-01,4.87
1898-01-01,4.88
1897-12-01,4.75
1897-11-01,4.65
1897-10-01,4.82
1897-09-01,4.98
1897-08-01,4.75
1897-07-01,4.46
1897-06-01,4.27
1897-05-01,4.08
1897-04-01,4.06
1897-03-01,4.19
1897-02-01,4.18
1897-01-01,4.22
1896-12-01,4.22
1896-11-01,4.38
1896-10-01,4.1
1896-09-01,4.01
1896-08-01,3.81
1896-07-01,4.04
1896-06-01,4.32
1896-05-01,4.4
1896-04-01,4.42
1896-03-01,4.38
1896-02-01,4.45
1896-01-01,4.27
1895-12-01,4.32
1895-11-01,4.59
1895-10-01,4.75
1895-09-01,4.82
1895-08-01,4.79
1895-07-01,4.72
1895-06-01,4.7
1895-05-01,4.61
1895-04-01,4.37
1895-03-01,4.19
1895-02-01,4.19
1895-01-01,4.25
1894-12-01,4.3
1894-11-01,4.34
1894-10-01,4.34
1894-09-01,4.48
1894-08-01,4.41
1894-07-01,4.25
1894-06-01,4.34
1894-05-01,4.4
1894-04-01,4.57
1894-03-01,4.51
1894-02-01,4.38
1894-01-01,4.32
1893-12-01,4.41
1893-11-01,4.57
1893-10-01,4.5
1893-09-01,4.37
1893-08-01,4.08
1893-07-01,4.18
1893-06-01,4.61
1893-05-01,4.84
1893-04-01,5.31
1893-03-01,5.31
1893-02-01,5.51
1893-01-01,5.61
1892-12-01,5.51
1892-11-01,5.57
1892-10-01,5.59
1892-09-01,5.48
1892-08-01,5.62
1892-07-01,5.54
1892-06-01,5.54
1892-05-01,5.57
1892-04-01,5.57
1892-03-01,5.58
1892-02-01,5.52
1892-01-01,5.51
1891-12-01,5.41
1891-11-01,5.25
1891-10-01,5.33
1891-09-01,5.33
1891-08-01,4.93
1891-07-01,4.77
1891-06-01,4.85
1891-05-01,4.95
1891-04-01,4.97
1891-03-01,4.81
1891-02-01,4.9
1891-01-01,4.84
1890-12-01,4.6
1890-11-01,4.71
1890-10-01,5.08
1890-09-01,5.32
1890-08-01,5.41
1890-07-01,5.54
1890-06-01,5.58
1890-05-01,5.62
1890-04-01,5.39
1890-03-01,5.28
1890-02-01,5.32
1890-01-01,5.38
1889-12-01,5.32
1889-11-01,5.35
1889-10-01,5.4
1889-09-01,5.5
1889-08-01,5.37
1889-07-01,5.3
1889-06-01,5.41
1889-05-01,5.32
1889-04-01,5.18
1889-03-01,5.19
1889-02-01,5.3
1889-01-01,5.24
1888-12-01,5.14
1888-11-01,5.24
1888-10-01,5.35
1888-09-01,5.38
1888-08-01,5.25
1888-07-01,5.14
1888-06-01,5.01
1888-05-01,5.17
1888-04-01,5.1
1888-03-01,5.08
1888-02-01,5.28
1888-01-01,5.31
1887-12-01,5.27
1887-11-01,5.3
1887-10-01,5.2
1887-09-01,5.38
1887-08-01,5.45
1887-07-01,5.59
1887-06-01,5.73
1887-05-01,5.9
1887-04-01,5.8
1887-03-01,5.67
1887-02-01,5.54
1887-01-01,5.58
1886-12-01,5.64
1886-11-01,5.79
1886-10-01,5.65
1886-09-01,5.51
1886-08-01,5.37
1886-07-01,5.33
1886-06-01,5.25
1886-05-01,5.02
1886-04-01,5.12
1886-03-01,5.19
1886-02-01,5.3
1886-01-01,5.2
1885-12-01,5.2
1885-11-01,5.24
1885-10-01,4.92
1885-09-01,4.65
1885-08-01,4.71
1885-07-01,4.46
1885-06-01,4.3
1885-05-01,4.32
1885-04-01,4.37
1885-03-01,4.38
1885-02-01,4.37
1885-01-01,4.24
1884-12-01,4.34
1884-11-01,4.35
1884-10-01,4.44
1884-09-01,4.59
1884-08-01,4.74
1884-07-01,4.46
1884-06-01,4.46
1884-05-01,4.65
1884-04-01,5.06
1884-03-01,5.3
1884-02-01,5.32
1884-01-01,5.18
1883-12-01,5.34
1883-11-01,5.46
1883-10-01,5.38
1883-09-01,5.53
1883-08-01,5.47
1883-07-01,5.73
1883-06-01,5.82
1883-05-01,5.77
1883-04-01,5.87
1883-03-01,5.75
1883-02-01,5.68
1883-01-01,5.81
1882-12-01,5.84
1882-11-01,5.81
1882-10-01,6.07
1882-09-01,6.24
1882-08-01,6.18
1882-07-01,6
1882-06-01,5.68
1882-05-01,5.71
1882-04-01,5.78
1882-03-01,5.78
1882-02-01,5.79
1882-01-01,5.92
1881-12-01,6.01
1881-11-01,6.19
1881-10-01,6.15
1881-09-01,6.25
1881-08-01,6.2
1881-07-01,6.35
1881-06-01,6.58
1881-05-01,6.5
1881-04-01,6.22
1881-03-01,6.24
1881-02-01,6.17
1881-01-01,6.19
1880-12-01,5.84
1880-11-01,5.61
1880-10-01,5.33
1880-09-01,5.18
1880-08-01,5.19
1880-07-01,5.01
1880-06-01,4.79
1880-05-01,4.77
1880-04-01,5.18
1880-03-01,5.3
1880-02-01,5.2
1880-01-01,5.11
1879-12-01,4.92
1879-11-01,4.93
1879-10-01,4.68
1879-09-01,4.22
1879-08-01,4.07
1879-07-01,4.04
1879-06-01,3.96
1879-05-01,3.94
1879-04-01,3.77
1879-03-01,3.65
1879-02-01,3.71
1879-01-01,3.58
1878-12-01,3.45
1878-11-01,3.47
1878-10-01,3.48
1878-09-01,3.52
1878-08-01,3.45
1878-07-01,3.48
1878-06-01,3.41
1878-05-01,3.34
1878-04-01,3.33
1878-03-01,3.24
1878-02-01,3.18
1878-01-01,3.25
1877-12-01,3.25
1877-11-01,3.26
1877-10-01,3.31
1877-09-01,3.24
1877-08-01,3.05
1877-07-01,2.85
1877-06-01,2.73
1877-05-01,2.94
1877-04-01,2.94
1877-03-01,3.17
1877-02-01,3.34
1877-01-01,3.55
1876-12-01,3.58
1876-11-01,3.6
1876-10-01,3.67
1876-09-01,3.69
1876-08-01,3.93
1876-07-01,4.1
1876-06-01,4.15
1876-05-01,4.18
1876-04-01,4.34
1876-03-01,4.51
1876-02-01,4.52
1876-01-01,4.46
1875-12-01,4.37
1875-11-01,4.37
1875-10-01,4.3
1875-09-01,4.37
1875-08-01,4.41
1875-07-01,4.39
1875-06-01,4.38
1875-05-01,4.47
1875-04-01,4.65
1875-03-01,4.59
1875-02-01,4.53
1875-01-01,4.54
1874-12-01,4.54
1874-11-01,4.57
1874-10-01,4.53
1874-09-01,4.54
1874-08-01,4.47
1874-07-01,4.46
1874-06-01,4.46
1874-05-01,4.48
1874-04-01,4.6
1874-03-01,4.73
1874-02-01,4.8
1874-01-01,4.66
1873-12-01,4.42
1873-11-01,4.04
1873-10-01,4.19
1873-09-01,4.59
1873-08-01,4.97
1873-07-01,4.97
1873-06-01,4.98
1873-05-01,5.05
1873-04-01,5.04
1873-03-01,5.11
1873-02-01,5.15
1873-01-01,5.11
1872-12-01,5.07
1872-11-01,4.95
1872-10-01,4.97
1872-09-01,4.95
1872-08-01,5.04
1872-07-01,5.1
1872-06-01,5.13
1872-05-01,5.18
1872-04-01,5.18
1872-03-01,5.04
1872-02-01,4.88
1872-01-01,4.86
1871-12-01,4.74
1871-11-01,4.64
1871-10-01,4.59
1871-09-01,4.84
1871-08-01,4.79
1871-07-01,4.73
1871-06-01,4.82
1871-05-01,4.86
1871-04-01,4.74
1871-03-01,4.61
1871-02-01,4.5
1871-01-01,4.44